,precision,recall,f1-score,support,model
vaginal,0.7823518290953776,0.9755996935227206,0.8683540983606557,16967.0,rf
csection,0.892243623112962,0.4267396987426864,0.5773473684210526,8033.0,rf
accuracy,0.79924,0.79924,0.79924,0.79924,rf
macro avg,0.8372977261041699,0.7011696961327035,0.7228507333908541,25000.0,rf
weighted avg,0.8176622603491078,0.79924,0.7748478158964625,25000.0,rf
