,precision,recall,f1-score,support,model
vaginal,0.6936693044564765,0.8883851180157354,0.7790446120563644,7499.0,rf1
csection,0.844885100074129,0.6077856285828556,0.7069861208032875,7501.0,rf1
accuracy,0.7480666666666667,0.7480666666666667,0.7480666666666667,0.7480666666666667,rf1
macro avg,0.7692772022653027,0.7480853732992955,0.743015366429826,15000.0,rf1
weighted avg,0.769287283318344,0.7480666666666667,0.743010562530409,15000.0,rf1
