,precision,recall,f1-score,support,model
vaginal,0.7873585453138602,0.9595685742912713,0.8649754283437375,16967.0,cls
csection,0.8412771864877372,0.4526328893315075,0.588587616349656,8033.0,cls
accuracy,0.79668,0.79668,0.79668,0.79668,cls
macro avg,0.8143178659007987,0.7061007318113894,0.7267815223466967,25000.0,cls
weighted avg,0.8046836830958503,0.79668,0.7761664965937992,25000.0,cls
