,precision,recall,f1-score,support,model
vaginal,0.698550417945191,0.8803840512068276,0.7789970501474927,7499.0,rf2
csection,0.8383492521174987,0.6201839754699373,0.7129501915708811,7501.0,rf2
accuracy,0.7502666666666666,0.7502666666666666,0.7502666666666666,0.7502666666666666,rf2
macro avg,0.7684498350313449,0.7502840133383825,0.745973620859187,15000.0,rf2
weighted avg,0.768459154953623,0.7502666666666666,0.7459692177352818,15000.0,rf2
