,precision,recall,f1-score,support,model
vaginal,0.7293403191236009,0.8167755700760101,0.7705856450902686,7499.0,rf3
csection,0.7918812481066344,0.6969737368350887,0.7414025384669929,7501.0,rf3
accuracy,0.7568666666666667,0.7568666666666667,0.7568666666666667,0.7568666666666667,rf3
macro avg,0.7606107836151177,0.7568746534555494,0.7559940917786308,15000.0,rf3
weighted avg,0.7606149530103832,0.7568666666666667,0.7559921462381891,15000.0,rf3
